-- phpMyAdmin SQL Dump
-- version 5.2.0
-- https://www.phpmyadmin.net/
--
-- Host: 127.0.0.1
-- Generation Time: May 28, 2023 at 05:14 AM
-- Server version: 10.4.27-MariaDB
-- PHP Version: 7.4.33

SET SQL_MODE = "NO_AUTO_VALUE_ON_ZERO";
START TRANSACTION;
SET time_zone = "+00:00";


/*!40101 SET @OLD_CHARACTER_SET_CLIENT=@@CHARACTER_SET_CLIENT */;
/*!40101 SET @OLD_CHARACTER_SET_RESULTS=@@CHARACTER_SET_RESULTS */;
/*!40101 SET @OLD_COLLATION_CONNECTION=@@COLLATION_CONNECTION */;
/*!40101 SET NAMES utf8mb4 */;

--
-- Database: `data_pustaka`
--

-- --------------------------------------------------------

--
-- Table structure for table `detail_penyewaan`
--

CREATE TABLE `detail_penyewaan` (
  `id_detail_penyewaan` int(11) NOT NULL,
  `id_penyewaan` int(11) NOT NULL,
  `id_produk` int(11) NOT NULL,
  `jumlah_pinjam` int(11) NOT NULL,
  `lama_penyewaan` int(11) NOT NULL,
  `date_create` date NOT NULL
) ENGINE=InnoDB DEFAULT CHARSET=utf8mb4 COLLATE=utf8mb4_general_ci;

--
-- Dumping data for table `detail_penyewaan`
--

INSERT INTO `detail_penyewaan` (`id_detail_penyewaan`, `id_penyewaan`, `id_produk`, `jumlah_pinjam`, `lama_penyewaan`, `date_create`) VALUES
(48, 59, 13, 1, 14, '2023-05-28'),
(49, 59, 15, 1, 14, '2023-05-28');

-- --------------------------------------------------------

--
-- Table structure for table `penyewaan`
--

CREATE TABLE `penyewaan` (
  `id_penyewaan` int(11) NOT NULL,
  `id` int(11) NOT NULL,
  `pesan` varchar(255) NOT NULL,
  `tanggal_penyewaan` date NOT NULL,
  `tanggal_pengembalian` date NOT NULL,
  `pembayaran` varchar(255) NOT NULL,
  `status` int(1) NOT NULL,
  `bukti_pembayaran` varchar(128) NOT NULL,
  `alamat_pengiriman` varchar(256) NOT NULL,
  `lama_pinjaman` int(10) NOT NULL
) ENGINE=InnoDB DEFAULT CHARSET=utf8mb4 COLLATE=utf8mb4_general_ci;

--
-- Dumping data for table `penyewaan`
--

INSERT INTO `penyewaan` (`id_penyewaan`, `id`, `pesan`, `tanggal_penyewaan`, `tanggal_pengembalian`, `pembayaran`, `status`, `bukti_pembayaran`, `alamat_pengiriman`, `lama_pinjaman`) VALUES
(59, 13, 'Pesan ya', '2023-05-28', '2023-06-11', 'Transfer Bank', 2, 'default.png', 'Jl. Bandung Kendangan', 2);

-- --------------------------------------------------------

--
-- Table structure for table `produk`
--

CREATE TABLE `produk` (
  `id_produk` int(11) NOT NULL,
  `nama_produk` varchar(255) NOT NULL,
  `foto_produk` varchar(255) NOT NULL,
  `harga` int(11) NOT NULL,
  `jumlah` int(11) NOT NULL,
  `deskripsi` varchar(255) NOT NULL
) ENGINE=InnoDB DEFAULT CHARSET=utf8mb4 COLLATE=utf8mb4_general_ci;

--
-- Dumping data for table `produk`
--

INSERT INTO `produk` (`id_produk`, `nama_produk`, `foto_produk`, `harga`, `jumlah`, `deskripsi`) VALUES
(12, 'Tas Kemping Speed Baru', 'tas_kemping2.jpg', 50000, 100, 'Tas Kemping Untuk Mendaki Gunung - nyaman muat banyak barang dan kuat.   '),
(13, 'Tas Kemping Speed 2', 'tas_kemping.jpg', 55000, 10, 'Tas Kemping Untuk Mendaki Gunung - Muat sampai 20 kg  '),
(14, 'Tenda Glamping double layer', 'tenda2.jpg', 100000, 5, 'Tenda Glamping double layer untuk 5-8 orang yang memiliki model seperti rumah kecil dan sangat mudah didirikan dengan frame otomatis. Bahan anti air, windproof dan memiliki sirkulasi udara yang baik. Memiliki 2 kamar tidur dan 1 living room untuk berkumpu'),
(15, 'Tenda Camping Keluarga', 'tenda_cakra.jpg', 150000, 10, 'Tenda Camping Keluarga dari kolaborasi Hike n Run dan Naturehike dengan nama mengusung tema pewayangan Indonesia yang kami beri nama CAKRA. Tenda Cakra memiliki Vestibule atau Ruang tamu yang luas ditambah dengan model 2 sisi pintu tenda ini dapat di jadi'),
(16, 'Kompor gas portabel', 'kompor_portable.jpg', 50000, 50, 'Kompor gas portabel dengan 1 tungku yang mudah untuk di bawa kemana - mana. Dilengkapi dengan perangkat pengaman katup ganda yang mencegah kebocoran gas serta menjaga dari tekanan yang berlebih. Harga Diatas sudah termasuk 3 kaleng gas & shabu2');

-- --------------------------------------------------------

--
-- Table structure for table `user`
--

CREATE TABLE `user` (
  `id` int(11) NOT NULL,
  `name` varchar(128) NOT NULL,
  `email` varchar(128) NOT NULL,
  `image` varchar(128) NOT NULL,
  `password` varchar(256) NOT NULL,
  `role_id` int(11) NOT NULL,
  `is_active` int(1) NOT NULL,
  `date_created` int(11) NOT NULL,
  `alamat` varchar(255) NOT NULL,
  `notelp` varchar(255) NOT NULL
) ENGINE=InnoDB DEFAULT CHARSET=utf8 COLLATE=utf8_general_ci;

--
-- Dumping data for table `user`
--

INSERT INTO `user` (`id`, `name`, `email`, `image`, `password`, `role_id`, `is_active`, `date_created`, `alamat`, `notelp`) VALUES
(12, 'zulkarnaen', 'zulkarnaim70@gmail.com', 'default.jpg', '$2y$10$OZ6Mb2gI.VD2JaIiLmtpu.b.XHr8UtHuYt7BMhWCjHnEAlVzqjr8q', 1, 1, 1633660177, 'Jl. Bandung', '088888888'),
(13, 'member', 'member@member.com', 'default.jpg', '$2y$10$/qKN5guesYsL/HDSgF/Hv.oGGCNKbLqxCEXc3nFN3AR5arIAC9i5C', 1, 1, 1633660177, 'Jl. Bandung', '088888888'),
(16, 'akun1', 'akun1@gmail.com', 'default.jpg', '$2y$10$I5geD6Q7vOmEjSgeMwp4IOYFPTyvdOfNabk.EIIr9DtIzRBlapkMq', 3, 1, 1684374868, 'Jalan Lelebai Panjang', '08111111111');

-- --------------------------------------------------------

--
-- Table structure for table `user_access_menu`
--

CREATE TABLE `user_access_menu` (
  `id` int(11) NOT NULL,
  `role_id` int(11) NOT NULL,
  `menu_id` int(11) NOT NULL
) ENGINE=InnoDB DEFAULT CHARSET=utf8 COLLATE=utf8_general_ci;

--
-- Dumping data for table `user_access_menu`
--

INSERT INTO `user_access_menu` (`id`, `role_id`, `menu_id`) VALUES
(1, 1, 1),
(3, 2, 2),
(8, 1, 2),
(10, 1, 5),
(11, 1, 6),
(12, 1, 7),
(13, 3, 7),
(14, 3, 2),
(15, 1, 3);

-- --------------------------------------------------------

--
-- Table structure for table `user_menu`
--

CREATE TABLE `user_menu` (
  `id` int(11) NOT NULL,
  `menu` varchar(128) NOT NULL
) ENGINE=InnoDB DEFAULT CHARSET=utf8 COLLATE=utf8_general_ci;

--
-- Dumping data for table `user_menu`
--

INSERT INTO `user_menu` (`id`, `menu`) VALUES
(1, 'Admin'),
(2, 'User'),
(3, 'Menu'),
(7, 'Produk');

-- --------------------------------------------------------

--
-- Table structure for table `user_role`
--

CREATE TABLE `user_role` (
  `id` int(11) NOT NULL,
  `role` varchar(128) NOT NULL
) ENGINE=InnoDB DEFAULT CHARSET=utf8 COLLATE=utf8_general_ci;

--
-- Dumping data for table `user_role`
--

INSERT INTO `user_role` (`id`, `role`) VALUES
(1, 'Administrator'),
(2, 'Member'),
(3, 'Pelangan');

-- --------------------------------------------------------

--
-- Table structure for table `user_sub_menu`
--

CREATE TABLE `user_sub_menu` (
  `id` int(11) NOT NULL,
  `menu_id` int(11) NOT NULL,
  `title` varchar(128) NOT NULL,
  `url` varchar(128) NOT NULL,
  `icon` varchar(128) NOT NULL,
  `is_active` int(1) NOT NULL
) ENGINE=InnoDB DEFAULT CHARSET=utf8 COLLATE=utf8_general_ci;

--
-- Dumping data for table `user_sub_menu`
--

INSERT INTO `user_sub_menu` (`id`, `menu_id`, `title`, `url`, `icon`, `is_active`) VALUES
(1, 1, 'Dashboard', 'admin', 'fas fa-fw fa-tachometer-alt', 1),
(2, 2, 'My Profile', 'user', 'fas fa-fw fa-user', 1),
(3, 2, 'Edit Profile', 'user/edit', 'fas fa-fw fa-user-edit', 1),
(4, 3, 'Menu Management', 'menu', 'fas fa-fw fa-folder', 1),
(5, 3, 'Submenu Management', 'menu/submenu', 'fas fa-fw fa-folder-open', 1),
(7, 1, 'Role', 'admin/role', 'fas fa-fw fa-user-tie', 1),
(8, 2, 'Change Password', 'user/changepassword', 'fas fa-fw fa-key', 1),
(9, 5, 'Data Anggota', 'anggota', 'fas fa-address-card', 1),
(10, 5, 'Data Kelas', 'anggota/kelas', 'fas fa-address-book', 1),
(11, 6, 'Data Buku', 'buku', 'fas fa-book', 1),
(12, 6, 'Data Pinjaman', 'buku/pinjaman', 'fas fa-clipboard-list', 1),
(13, 5, 'Data Absen', 'anggota/absenSiswa', 'fas fa-book', 1),
(14, 7, 'Menu Produk', 'produk', 'fas fa-book', 1),
(15, 7, 'Menu Penyewaan', 'produk/penyewaan', 'fas fa-book', 1);

-- --------------------------------------------------------

--
-- Table structure for table `user_token`
--

CREATE TABLE `user_token` (
  `id` int(11) NOT NULL,
  `email` varchar(128) NOT NULL,
  `token` varchar(128) NOT NULL,
  `date_created` int(11) NOT NULL
) ENGINE=InnoDB DEFAULT CHARSET=utf8 COLLATE=utf8_general_ci;

--
-- Dumping data for table `user_token`
--

INSERT INTO `user_token` (`id`, `email`, `token`, `date_created`) VALUES
(9, 'zulkarnaim70@gmail.com', 'h+AsWSks8kTZfkC86UK2quvdP1w5YJnj3Tj2QOcyjWY=', 1633660177);

--
-- Indexes for dumped tables
--

--
-- Indexes for table `detail_penyewaan`
--
ALTER TABLE `detail_penyewaan`
  ADD PRIMARY KEY (`id_detail_penyewaan`);

--
-- Indexes for table `penyewaan`
--
ALTER TABLE `penyewaan`
  ADD PRIMARY KEY (`id_penyewaan`);

--
-- Indexes for table `produk`
--
ALTER TABLE `produk`
  ADD PRIMARY KEY (`id_produk`);

--
-- Indexes for table `user`
--
ALTER TABLE `user`
  ADD PRIMARY KEY (`id`);

--
-- Indexes for table `user_access_menu`
--
ALTER TABLE `user_access_menu`
  ADD PRIMARY KEY (`id`);

--
-- Indexes for table `user_menu`
--
ALTER TABLE `user_menu`
  ADD PRIMARY KEY (`id`);

--
-- Indexes for table `user_role`
--
ALTER TABLE `user_role`
  ADD PRIMARY KEY (`id`);

--
-- Indexes for table `user_sub_menu`
--
ALTER TABLE `user_sub_menu`
  ADD PRIMARY KEY (`id`);

--
-- Indexes for table `user_token`
--
ALTER TABLE `user_token`
  ADD PRIMARY KEY (`id`);

--
-- AUTO_INCREMENT for dumped tables
--

--
-- AUTO_INCREMENT for table `detail_penyewaan`
--
ALTER TABLE `detail_penyewaan`
  MODIFY `id_detail_penyewaan` int(11) NOT NULL AUTO_INCREMENT, AUTO_INCREMENT=50;

--
-- AUTO_INCREMENT for table `penyewaan`
--
ALTER TABLE `penyewaan`
  MODIFY `id_penyewaan` int(11) NOT NULL AUTO_INCREMENT, AUTO_INCREMENT=60;

--
-- AUTO_INCREMENT for table `produk`
--
ALTER TABLE `produk`
  MODIFY `id_produk` int(11) NOT NULL AUTO_INCREMENT, AUTO_INCREMENT=17;

--
-- AUTO_INCREMENT for table `user`
--
ALTER TABLE `user`
  MODIFY `id` int(11) NOT NULL AUTO_INCREMENT, AUTO_INCREMENT=17;

--
-- AUTO_INCREMENT for table `user_access_menu`
--
ALTER TABLE `user_access_menu`
  MODIFY `id` int(11) NOT NULL AUTO_INCREMENT, AUTO_INCREMENT=16;

--
-- AUTO_INCREMENT for table `user_menu`
--
ALTER TABLE `user_menu`
  MODIFY `id` int(11) NOT NULL AUTO_INCREMENT, AUTO_INCREMENT=9;

--
-- AUTO_INCREMENT for table `user_role`
--
ALTER TABLE `user_role`
  MODIFY `id` int(11) NOT NULL AUTO_INCREMENT, AUTO_INCREMENT=4;

--
-- AUTO_INCREMENT for table `user_sub_menu`
--
ALTER TABLE `user_sub_menu`
  MODIFY `id` int(11) NOT NULL AUTO_INCREMENT, AUTO_INCREMENT=17;

--
-- AUTO_INCREMENT for table `user_token`
--
ALTER TABLE `user_token`
  MODIFY `id` int(11) NOT NULL AUTO_INCREMENT, AUTO_INCREMENT=10;
COMMIT;

/*!40101 SET CHARACTER_SET_CLIENT=@OLD_CHARACTER_SET_CLIENT */;
/*!40101 SET CHARACTER_SET_RESULTS=@OLD_CHARACTER_SET_RESULTS */;
/*!40101 SET COLLATION_CONNECTION=@OLD_COLLATION_CONNECTION */;
